REGIONAL;COD_ESCOLA;ESCOLA;QUANTIDADE
CENTRO;101;ESCOLA MUNICIPAL PROFESSOR ALEXANDRE LEAL COSTA;361
CENTRO;103;ESCOLA MUNICIPAL COSME DE FARIAS;187
CENTRO;106;CENTRO MUNICIPAL DE EDUCACAO INFANTIL ABRIGO DO SALVADOR;169
CENTRO;109;CENTRO MUNICIPAL DE EDUCACAO INFANTIL CSU MAJOR COSME DE FARIAS;129
CENTRO;110;ESCOLA MUNICIPAL SANTA ANGELA DAS MERCES;346
CENTRO;111;ESCOLA MUNICIPAL LUIZ ANSELMO;258
CENTRO;112;CENTRO MUNICIPAL DE EDUCACAO INFANTIL PAROQUIAL DE SANTANA;142
CENTRO;113;ESCOLA MUNICIPAL JOIR BRASILEIRO;249
CENTRO;115;ESCOLA MUNICIPAL CLEMILDA ANDRADE;259
CENTRO;120;ESCOLA MUNICIPAL OLGA FIGUEIREDO DE AZEVEDO;731
CENTRO;121;ESCOLA MUNICIPAL SEBASTIAO DIAS;232
CENTRO;124;ESCOLA MUNICIPAL LELIS PIEDADE;535
CENTRO;125;ESCOLA MUNICIPAL SATURNINO CABRAL;254
CENTRO;126;ESCOLA MUNICIPAL JOAO LINO;116
CENTRO;127;ESCOLA MUNICIPAL AMELIA RODRIGUES;276
CENTRO;128;ESCOLA MUNICIPAL TEREZINHA VAZ DA SILVEIRA;278
CENTRO;130;ESCOLA MUNICIPAL CASA DA PROVIDENCIA;213
CENTRO;133;ESCOLA SAO JOSE ANEXA AO COLEGIO SANTISSIMO SACRAMENTO;131
CENTRO;134;ESCOLA MUNICIPAL DESPORTIVA SANTA RITA;151
CENTRO;135;ESCOLA MUNICIPAL PERMINIO LEITE;242
CENTRO;136;ESCOLA MUNICIPAL PAROQUIAL DA VITORIA;155
CENTRO;138;ESCOLA MUNICIPAL MARTAGAO GESTEIRA;714
CENTRO;139;ESCOLA MUNICIPAL MARIA QUITERIA;316
CENTRO;140;ESCOLA MUNICIPAL VIVALDO DA COSTA LIMA;93
CENTRO;141;ESCOLA MUNICIPAL NOSSA SENHORA DOS ANJOS;709
CENTRO;142;ESCOLA MUNICIPAL DR FERNANDO MONTANHA PONDE;302
CENTRO;143;ESCOLA MUNICIPAL SOROR JOANA ANGELICA;137
CENTRO;144;ESCOLA MUNICIPAL RUY DE LIMA MALTEZ;274
CENTRO;146;ESCOLA MUNICIPAL PROFESSOR ARISTIDES NOVIS;210
CENTRO;147;ESCOLA MUNICIPAL JOAO PEDRO DOS SANTOS;422
CENTRO;149;ESCOLA MUNICIPAL COMUNITARIA DA HISTARTE;444
CENTRO;150;CENTRO MUNICIPAL DE EDUCACAO INFANTIL VIRGEM DE LA ALMUDENA;129
CENTRO;151;CENTRO MUNICIPAL DE EDUCACAO INFANTIL DRº ELIEZER AUDIFACE;48
CENTRO;152;CENTRO MUNICIPAL DE EDUCACAO INFANTIL LUIS EDUARDO MAGALHAES;211
CENTRO;154;CENTRO MUNICIPAL DE EDUCACAO INFANTIL IACY VAZ FAGUNDES;195
CENTRO;155;CENTRO MUNICIPAL DE EDUCACAO INFANTIL IEDA BARRADAS CARNEIRO;172
CENTRO;158;CENTRO MUNICIPAL DE EDUCACAO INFANTIL NOSSA SENHORA DA VITORIA;136
CENTRO;159;ESCOLA MUNICIPAL SANTA RITA;229
CENTRO;161;ESCOLA MUNICIPAL HILDETE LOMANTO;936
CENTRO;162;ESCOLA MUNICIPAL VISCONDE DE CAIRU;444
CIDADE BAIXA;202;ESCOLA MUNICIPAL CARMELITANA 25 DE AGOSTO;187
CIDADE BAIXA;204;ESCOLA MUNICIPAL CONSTANCA MEDEIROS;293
CIDADE BAIXA;205;ESCOLA MUNICIPAL SIMOES FILHO;324
CIDADE BAIXA;207;ESCOLA MUNICIPAL HENRIQUETA MACHADO;158
CIDADE BAIXA;212;ESCOLA MUNICIPAL HILBERTO SILVA;283
CIDADE BAIXA;213;ESCOLA MUNICIPAL PRESIDENTE CASTELO BRANCO;77
CIDADE BAIXA;215;ESCOLA MUNICIPAL SOCIEDADE 6 DE JANEIRO;275
CIDADE BAIXA;217;ESCOLA MUNICIPAL TIRADENTES;288
CIDADE BAIXA;221;CENTRO MUNICIPAL DE EDUCACAO INFANTIL BARONESA DE SAUIPE;146
CIDADE BAIXA;226;ESCOLA MUNICIPAL PROFESSOR FREIRE FILHO;180
CIDADE BAIXA;227;ESCOLA MUNICIPAL SOCIEDADE TOME DE SOUZA;161
CIDADE BAIXA;228;ESCOLA MUNICIPAL ALMERINDA COSTA;274
CIDADE BAIXA;230;ESCOLA MUNICIPAL MELVIN JONES;110
CIDADE BAIXA;232;ESCOLA MUNICIPAL GERALDO TAVARES;188
CIDADE BAIXA;233;ESCOLA MUNICIPAL UNIAO COMUNITARIA;224
CIDADE BAIXA;234;ESCOLA MUNICIPAL PRIMEIRO DE MAIO;103
CIDADE BAIXA;237;ESCOLA MUNICIPAL SANTA BARBARA;663
CIDADE BAIXA;238;ESCOLA MUNICIPAL CENTRO SOCIAL MANGUEIRA;375
CIDADE BAIXA;239;ESCOLA MUNICIPAL CARMELITANA DO MENINO JESUS;185
CIDADE BAIXA;240;CENTRO MUNICIPAL DE EDUCACAO INFANTIL DR AUGUSTO LOPES PONTES;127
CIDADE BAIXA;241;ESCOLA MUNICIPAL ELOYNA BARRADAS;322
CIDADE BAIXA;242;CENTRO MUNICIPAL DE EDUCACAO INFANTIL ARLETE MAGALHAES;100
CIDADE BAIXA;244;CENTRO MUNICIPAL DE EDUCACAO INFANTIL MARIA DA CONCEICAO COSTA;297
CIDADE BAIXA;245;CENTRO MUNICIPAL DE EDUCACAO INFANTIL NOSSA SENHORA DAS GRACAS;174
CIDADE BAIXA;246;ESCOLA MUNICIPAL PROFESSORA MARIA JOSE DE PAULA MOREIRA;429
CIDADE BAIXA;247;ESCOLA MUNICIPAL ALFREDO AMORIM;332
SAO CAETANO;301;ESCOLA MUNICIPAL ANTONIO CARLOS MAGALHAES;320
SAO CAETANO;303;ESCOLA MUNICIPAL ASSISTENCIA SOCIAL SAO JOSE;311
SAO CAETANO;305;ESCOLA MUNICIPAL BATISTA DE SAO CAETANO;224
SAO CAETANO;306;CENTRO MUNICIPAL DE EDUCACAO INFANTIL CASA DA CRIANCA DO BOM JUA;127
SAO CAETANO;307;ESCOLA MUNICIPAL AMAI PRO;321
SAO CAETANO;308;ESCOLA MUNICIPAL COMUNITARIA DO BOM JUA;205
SAO CAETANO;310;ESCOLA MUNICIPAL CONSUL SCHINDLER;400
SAO CAETANO;312;ESCOLA MUNICIPAL FONTE DO CAPIM;514
SAO CAETANO;313;ESCOLA MUNICIPAL HELENA MAGALHAES;639
SAO CAETANO;314;ESCOLA MUNICIPAL MARECHAL RONDON;285
SAO CAETANO;315;ESCOLA MUNICIPAL XAVIER MARQUES;356
SAO CAETANO;316;ESCOLA MUNICIPAL FAZENDA GRANDE;329
SAO CAETANO;317;ESCOLA MUNICIPAL PROFESSOR ANTONIO CARVALHO GUEDES;409
SAO CAETANO;328;ESCOLA MUNICIPAL BATISTA DE SAN MARTIM;196
SAO CAETANO;329;ESCOLA MUNICIPAL BELA VISTA DO LOBATO;475
SAO CAETANO;330;ESCOLA MUNICIPAL CAMPINAS DE PIRAJA;1144
SAO CAETANO;332;ESCOLA MUNICIPAL COMUNITARIA REGINA STUKENBORG;259
SAO CAETANO;333;ESCOLA MUNICIPAL CONEGO EMILIO LOBO;113
SAO CAETANO;335;ESCOLA MUNICIPAL ASSISTENCIAL NOSSA SENHORA DE GUADALUPE;124
SAO CAETANO;336;ESCOLA MUNICIPAL ENG CARLOS BATALHA;214
SAO CAETANO;337;ESCOLA MUNICIPAL ENGENHEIRO GILBERTO PIRES MARINHO;545
SAO CAETANO;338;ESCOLA MUNICIPAL EDUCADOR PAULO FREIRE;297
SAO CAETANO;340;ESCOLA MUNICIPAL PROFESSORA MARIA DE LOURDES SANTANA ALVES;132
SAO CAETANO;341;ESCOLA MUNICIPAL PROFESSOR GUEDES;119
SAO CAETANO;342;ESCOLA MUNICIPAL CRIANCA FELIZ;174
SAO CAETANO;343;ESCOLA MUNICIPAL BARBOSA RODRIGUES;181
SAO CAETANO;344;ESCOLA MUNICIPAL AUSTRICLIANO DE CARVALHO;257
SAO CAETANO;345;ESCOLA MUNICIPAL PADRE NORBERTO;877
SAO CAETANO;346;ESCOLA MUNICIPAL FRANCISCO MANGABEIRA;529
SAO CAETANO;347;ESCOLA MUNICIPAL FILHOS DE SALOMAO;367
SAO CAETANO;348;ESCOLA MUNICIPAL JAQUEIRA DO CARNEIRO;242
SAO CAETANO;349;CENTRO MUNICIPAL DE EDUCACAO INFANTIL ANGELINA ROCHA DE ASSIS;230
SAO CAETANO;350;CENTRO MUNICIPAL DE EDUCACAO INFANTIL YOLANDA PIRES;241
SAO CAETANO;351;CENTRO MUNICIPAL DE EDUCACAO INFANTIL FRUTO DO AMANHA;142
SAO CAETANO;352;CENTRO MUNICIPAL DE EDUCACAO INFANTIL LINDAURA ANDRADE MENDONCA;220
SAO CAETANO;353;CENTRO MUNICIPAL DE EDUCACAO INFANTIL MOSA BERBERT;178
SAO CAETANO;354;CENTRO MUNICIPAL DE EDUCACAO INFANTIL SEMENTE DO AMANHA;245
SAO CAETANO;355;CENTRO MUNICIPAL DE EDUCACAO INFANTIL TEREZA HELENA MATA PIRES;160
SAO CAETANO;356;ESCOLA MUNICIPAL DO CALAFATE;239
SAO CAETANO;357;ESCOLA MUNICIPAL 15 DE OUTUBRO;256
LIBERDADE;401;ESCOLA MUNICIPAL ABRIGO FILHOS DO POVO;634
LIBERDADE;403;ESCOLA MUNICIPAL GISELIA PALMA;228
LIBERDADE;406;ESCOLA MUNICIPAL DR MARCOS VINICIUS VILACA;233
LIBERDADE;408;ESCOLA MUNICIPAL DA CIDADE NOVA;294
LIBERDADE;409;ESCOLA MUNICIPAL DO PAU MIUDO;810
LIBERDADE;414;ESCOLA MUNICIPAL PERO VAZ VELHO;166
LIBERDADE;415;ESCOLA MUNICIPAL PIRAJA DA SILVA;433
LIBERDADE;422;ESCOLA MUNICIPAL ZACARIAS BOA MORTE;148
LIBERDADE;425;ESCOLA MUNICIPAL NOSSA SENHORA DE NAZARE;489
LIBERDADE;427;ESCOLA MUNICIPAL MANOEL FLORENCIO;183
LIBERDADE;429;ESCOLA MUNICIPAL MAJOR ELOI MAGALHAES;225
LIBERDADE;431;ESCOLA MUNICIPAL BARAO DO RIO BRANCO;175
LIBERDADE;432;ESCOLA MUNICIPAL JOSAFA CARLOS BORGES;143
LIBERDADE;433;ESCOLA MUNICIPAL MINISTRO SIMOES FILHO;172
LIBERDADE;434;ESCOLA MUNICIPAL SAO JUDAS TADEU;237
LIBERDADE;435;ESCOLA MUNICIPAL CARDEAL DA SILVA;371
LIBERDADE;437;ESCOLA MUNICIPAL VILA VICENTINA;305
LIBERDADE;438;ESCOLA MUNICIPAL JULIETA VIANA;425
LIBERDADE;439;CENTRO MUNICIPAL DE EDUCACAO INFANTIL HOSANNAH DE OLIVEIRA;193
LIBERDADE;440;CENTRO MUNICIPAL DE EDUCACAO INFANTIL JOSE ADEODATO DE SOUZA FILHO;179
LIBERDADE;441;CENTRO MUNICIPAL DE EDUCACAO INFANTIL JOSE DA SILVA TAVARES;90
LIBERDADE;443;ESCOLA MUNICIPAL PROFESSORA SUZANA IMBASSAHY;358
LIBERDADE;444;CENTRO MUNICIPAL DE EDUCACAO INFANTIL EPIFANIA SILVA;74
LIBERDADE;445;CENTRO MUNICIPAL DE EDUCACAO INFANTIL DA SANTA MONICA;158
ORLA;501;ESCOLA MUNICIPAL ARTUR DE SALES;376
ORLA;502;ESCOLA MUNICIPAL PROFESSORA ANITA BARBUDA;177
ORLA;504;ESCOLA MUNICIPAL CIDADE DE JEQUIE;541
ORLA;505;CENTRO MUNICIPAL DE EDUCACAO INFANTIL DE AMARALINA;202
ORLA;506;ESCOLA MUNICIPAL VALE DAS PEDRINHAS;427
ORLA;507;ESCOLA MUNICIPAL HERCILIA MOREIRA;125
ORLA;508;ESCOLA MUNICIPAL MADRE JUDITE;273
ORLA;510;ESCOLA MUNICIPAL OSWALDO DA GAMA ALVES;134
ORLA;511;ESCOLA MUNICIPAL MAKOTA VALDINA;357
ORLA;513;ESCOLA MUNICIPAL SANTO ANDRE;245
ORLA;514;ESCOLA MUNICIPAL SAO JOAO BATISTA;219
ORLA;515;ESCOLA MUNICIPAL TEODORO SAMPAIO;939
ORLA;516;CENTRO MUNICIPAL DE EDUCACAO INFANTIL TERTULIANO DE GOES;176
ORLA;519;ESCOLA MUNICIPAL CONJUNTO ASSISTENCIAL NOSSA SENHORA DE FATIMA;235
ORLA;520;CENTRO MUNICIPAL DE EDUCACAO INFANTIL SAO GONCALO;228
ORLA;522;ESCOLA MUNICIPAL OSVALDO CRUZ;388
ORLA;524;ESCOLA MUNICIPAL CASA DA AMIZADE;128
ORLA;530;ESCOLA MUNICIPAL SAO PEDRO NOLASCO;233
ORLA;532;ESCOLA MUNICIPAL CRISTO E VIDA;185
ORLA;534;ESCOLA MUNICIPAL SENHORA SANTANA;114
ORLA;535;ESCOLA MUNICIPAL SAO DOMINGOS SAVIO;307
ORLA;537;ESCOLA MUNICIPAL COMUNITARIA CRISTO REDENTOR;235
ORLA;539;ESCOLA MUNICIPAL CENTRO SOCIAL NEUSA NERY;139
ORLA;540;ESCOLA MUNICIPAL PADRE JOSE DE ANCHIETA;347
ORLA;541;ESCOLA MUNICIPAL ANA NERY;174
ORLA;544;ESCOLA MUNICIPAL SANTA TEREZINHA DO CHAME CHAME;163
ORLA;546;ESCOLA MUNICIPAL PROFESSOR ANTONIO CARLOS ONOFRE;236
ORLA;547;ESCOLA MUNICIPAL MARIA AMALIA PAIVA;273
ORLA;548;ESCOLA MUNICIPAL IACY VAZ FAGUNDES;599
ORLA;550;ESCOLA MUNICIPAL JOSE CALAZANS BRANDAO DA SILVA;231
ORLA;551;ESCOLA MUNICIPAL ZULMIRA TORRES;396
ORLA;553;CENTRO MUNICIPAL DE EDUCACAO INFANTIL DALIA DE MENEZES;180
ORLA;556;CENTRO MUNICIPAL DE EDUCACAO INFANTIL NOVA ESPERANCA;65
ORLA;557;CENTRO MUNICIPAL DE EDUCACAO INFANTIL PIO BITTENCOURT;135
ORLA;558;CENTRO MUNICIPAL DE EDUCACAO INFANTIL CALABAR;263
ORLA;560;ESCOLA MUNICIPAL SENADOR ANTONIO CARLOS MAGALHAES;509
ORLA;561;ESCOLA MUNICIPAL HOSPITALAR E DOMICILIAR IRMA DULCE;221
ORLA;562;CENTRO MUNICIPAL DE EDUCACAO INFANTIL VALE DAS PEDRINHAS;238
ITAPUA;601;ESCOLA MUNICIPAL AGNELO DE BRITO;516
ITAPUA;602;CENTRO MUNICIPAL DE EDUCACAO INFANTIL ASSOCIACAO CRISTA FEMININA;95
ITAPUA;603;INSTITUTO MUNICIPAL DE EDUCACAO PROFESSOR JOSE ARAPIRACA;656
ITAPUA;604;ESCOLA MUNICIPAL DE PITUACU;295
ITAPUA;605;ESCOLA MUNICIPAL CIDADE VITORIA DA CONQUISTA;473
ITAPUA;606;ESCOLA MUNICIPAL UNIAO CARIDADE E ABRIGO;220
ITAPUA;607;CIEP - ENGº LEONEL DE MOURA BRIZOLA - ESCOLA MUNICIPAL PIRATINI;182
ITAPUA;609;ESCOLA MUNICIPAL BRIGADEIRO EDUARDO GOMES;425
ITAPUA;610;ESCOLA MUNICIPAL MANUEL LISBOA;341
ITAPUA;611;ESCOLA MUNICIPAL LAGOA DO ABAETE;522
ITAPUA;612;ESCOLA MUNICIPAL DE SAO CRISTOVAO;322
ITAPUA;615;ESCOLA MUNICIPAL PE MANUEL CORREIA DE SOUZA;698
ITAPUA;617;ESCOLA MUNICIPAL ANJOS DE RUA;493
ITAPUA;620;ESCOLA MUNICIPAL PADRE UGO MEREGALLI;399
ITAPUA;621;ESCOLA MUNICIPAL BARBOSA ROMEO;698
ITAPUA;622;ESCOLA MUNICIPAL NOVA DO BAIRRO DA PAZ;918
ITAPUA;623;ESCOLA MUNICIPAL RECANTO DOS COQUEIROS;224
ITAPUA;625;CENTRO MUNICIPAL DE EDUCACAO INFANTIL IRMA SHEILA;255
ITAPUA;626;ESCOLA MUNICIPAL DO PARQUE SAO CRISTOVAO PROFESSOR JOAO FERNANDES DA CUNHA;552
ITAPUA;627;ESCOLA MUNICIPAL DE NOVA ESPERANCA PROFESSOR ARX TOURINHO;1507
ITAPUA;628;ESCOLA MUNICIPAL RAYMUNDO LEMOS DE SANTANA;596
ITAPUA;630;ESCOLA MUNICIPAL TERESA CRISTINA;207
ITAPUA;631;ESCOLA MUNICIPAL JULIETA CALMON;284
ITAPUA;632;ESCOLA MUNICIPAL PEDRO VELOSO GORDILHO;298
ITAPUA;633;ESCOLA MUNICIPAL DO PESCADOR;668
ITAPUA;634;ESCOLA MUNICIPAL OSVALDO GORDILHO;369
ITAPUA;635;ESCOLA MUNICIPAL LAURA SALES DE ALMEIDA;239
ITAPUA;637;ESCOLA MUNICIPAL CARLOS MURION;326
ITAPUA;638;CENTRO MUNICIPAL DE EDUCACAO INFANTIL JOAQUIM SANTOS;109
ITAPUA;639;ESCOLA MUNICIPAL NOSSA SENHORA DA PAZ;1037
ITAPUA;640;ESCOLA MUNICIPAL DORIVAL CAYMMI;445
ITAPUA;641;ESCOLA MUNICIPAL CELIA NOGUEIRA;531
ITAPUA;642;ESCOLA MUNICIPAL PADRE CONFA;288
ITAPUA;643;ESCOLA MUNICIPAL METODISTA SUSANA WESLEY;673
ITAPUA;647;ESCOLA MUNICIPAL ALLAN KARDEC;194
ITAPUA;648;CENTRO MUNICIPAL DE EDUCACAO INFANTIL ALMIR OLIVEIRA;286
ITAPUA;649;CENTRO MUNICIPAL DE EDUCACAO INFANTIL GEORGIA MARIA BARRADAS CARNEIRO;111
ITAPUA;650;CENTRO MUNICIPAL DE EDUCACAO INFANTIL JOSE MARIA DE MAGALHAES NETO;229
ITAPUA;651;CENTRO MUNICIPAL DE EDUCACAO INFANTIL RAUL QUEIROZ;175
ITAPUA;652;CENTRO MUNICIPAL DE EDUCACAO INFANTIL UNIAO DA BOCA DO RIO;245
ITAPUA;653;ESCOLA MUNICIPAL YVES DE ROUSSAN;24
ITAPUA;654;ESCOLA MUNICIPAL 25 DE JULHO;379
ITAPUA;655;ESCOLA MUNICIPAL LUIZA MAHIM;522
ITAPUA;656;ESCOLA MUNICIPAL JORGE AMADO;679
ITAPUA;658;CENTRO MUNICIPAL DE EDUCACAO INFANTIL CASTRO ALVES;150
ITAPUA;660;CRECHE E PRE ESCOLA PRIMEIRO PASSO SAO CRISTOVAO;196
ITAPUA;661;CRECHE E PRE ESCOLA PRIMEIRO PASSO PARQUE SAO CRISTOVAO;299
ITAPUA;662;CRECHE E PRE ESCOLA PRIMEIRO PASSO CASSANGE;212
ITAPUA;664;ESCOLA MUNICIPAL BOSQUE DAS BROMELIAS;721
ITAPUA;666;CRECHE E PRE ESCOLA PRIMEIRO PASSO ITAPUA MALE DEBALE;242
ITAPUA;667;CRECHE E PRE ESCOLA PRIMEIRO PASSO BAIRRO DA PAZ;226
ITAPUA;668;ESCOLA MUNICIPAL CORACAO DE MARIA;577
ITAPUA;669;ESCOLA MUNICIPAL JARDIM DAS MARGARIDAS;723
ITAPUA;670;ESCOLA MUNICIPAL RECANTO DAS MARGARIDAS;445
CABULA;701;ESCOLA MUNICIPAL CENTRO COMUNITARIO FREI LEONIDAS MENEZES;139
CABULA;702;ESCOLA MUNICIPAL DO ALTO DA CACHOEIRINHA NELSON MALEIRO;690
CABULA;703;CENTRO MUNICIPAL DE EDUCACAO INFANTIL CSU DE PERNAMBUES;186
CABULA;704;ESCOLA MUNICIPAL EPAMINONDAS BERBERT CASTRO;479
CABULA;705;ESCOLA MUNICIPAL DE PERNAMBUES;497
CABULA;706;ESCOLA MUNICIPAL HILDETE BAHIA DE SOUZA;1058
CABULA;707;ESCOLA MUNICIPAL MADRE HELENA IRMAOS KENNEDY;149
CABULA;708;ESCOLA MUNICIPAL MARISA BAQUEIRO COSTA;238
CABULA;709;ESCOLA MUNICIPAL EUGENIA ANNA DOS SANTOS;257
CABULA;710;ESCOLA MUNICIPAL MURILO CELESTINO COSTA;175
CABULA;711;ESCOLA MUNICIPAL SAO GONCALO DO RETIRO;570
CABULA;712;ESCOLA MUNICIPAL RISOLETA NEVES;354
CABULA;713;ESCOLA MUNICIPAL ACELINO MAXIMIANO DA ENCARNACAO;468
CABULA;714;ESCOLA MUNICIPAL ALVARO DA FRANCA ROCHA;260
CABULA;715;ESCOLA MUNICIPAL CABULA I;439
CABULA;716;ESCOLA MUNICIPAL DO BEIRU;657
CABULA;717;ESCOLA MUNICIPAL DE NOVA SUSSUARANA;731
CABULA;718;ESCOLA MUNICIPAL DO CALABETAO;325
CABULA;719;ESCOLA MUNICIPAL DA ENGOMADEIRA;619
CABULA;720;ESCOLA MUNICIPAL MARIA CONSTANCA;815
CABULA;721;ESCOLA MUNICIPAL MAXIMINIANO DA ENCARNACAO;299
CABULA;722;ESCOLA MUNICIPAL PROFª ANFRISIA SANTIAGO;701
CABULA;723;ESCOLA MUNICIPAL LEOVICIA ANDRADE;445
CABULA;724;ESCOLA MUNICIPAL DE NOVO HORIZONTE;760
CABULA;725;CENTRO MUNICIPAL DE EDUCACAO INFANTIL CRECHE VOVO ZEZINHO;164
CABULA;727;ESCOLA MUNICIPAL JESUS DE NAZARE;307
CABULA;728;ESCOLA MUNICIPAL PROFESSOR CARLOS FORMIGLI;5
CABULA;729;ESCOLA MUNICIPAL SAO MIGUEL;458
CABULA;730;ESCOLA MUNICIPAL ANTONIO EUZEBIO;265
CABULA;731;ESCOLA MUNICIPAL 22 DE ABRIL;476
CABULA;732;ESCOLA MUNICIPAL MARIA DA CONCEICAO SANTIAGO IMBASSAHY;558
CABULA;733;ESCOLA MUNICIPAL MANOEL FRANCISCO DO NASCIMENTO BRITO;177
CABULA;734;ESCOLA MUNICIPAL DEPUTADO GERSINO COELHO;999
CABULA;735;ESCOLA MUNICIPAL ERALDO TINOCO MELO;735
CABULA;736;ESCOLA MUNICIPAL COMUNITARIA DE SANTA IZABEL;469
CABULA;738;ESCOLA MUNICIPAL TOMAZ GONZAGA;392
CABULA;740;ESCOLA MUNICIPAL MARIA FELIPA;425
CABULA;741;CENTRO MUNICIPAL DE EDUCACAO INFANTIL ALVARO DA FRANCA ROCHA;210
CABULA;742;CENTRO MUNICIPAL DE EDUCACAO INFANTIL CECY ANDRADE;176
CABULA;743;CENTRO MUNICIPAL DE EDUCACAO INFANTIL NOSSA LUTA;191
CABULA;744;CENTRO MUNICIPAL DE EDUCACAO INFANTIL OLGA BENARIO;252
CABULA;745;ESCOLA MUNICIPAL JARDIM SANTO INACIO;725
CABULA;746;ESCOLA MUNICIPAL MARIA DOLORES;435
CABULA;748;ESCOLA MUNICIPAL GOVERNADOR ROBERTO SANTOS;838
CABULA;749;ESCOLA MUNICIPAL ADROALDO RIBEIRO COSTA;284
CABULA;750;CRECHE E PRE ESCOLA PRIMEIRO PASSO MATA ESCURA;237
CABULA;751;CRECHE E PRE ESCOLA PRIMEIRO PASSO SUSSUARANA;230
CABULA;752;CENTRO MUNICIPAL DE EDUCACAO INFANTIL JARDIM BRASILIA;149
PIRAJA;801;ESCOLA MUNICIPAL ALLAN KARDEC DE PIRAJA;336
PIRAJA;802;ESCOLA MUNICIPAL CLERISTON ANDRADE;631
PIRAJA;803;ESCOLA MUNICIPAL CONSELHEIRO LUIZ ROGERIO;338
PIRAJA;804;CENTRO MUNICIPAL DE EDUCACAO INFANTIL JOSE RENATO MONTEIRO LOBATO;256
PIRAJA;805;ESCOLA MUNICIPAL D ARLETE MAGALHAES;1098
PIRAJA;806;ESCOLA MUNICIPAL D ISABEL BRANDAO VILELA;267
PIRAJA;807;ESCOLA MUNICIPAL GENERAL LABATUT;645
PIRAJA;808;ESCOLA MUNICIPAL MANOEL CLEMENTE FERREIRA;269
PIRAJA;809;ESCOLA MUNICIPAL MANOEL DE ABREU;236
PIRAJA;810;ESCOLA MUNICIPAL PROFª ALEXANDRINA SANTOS PITA;777
PIRAJA;811;ESCOLA MUNICIPAL ROBERTO CORREIA;845
PIRAJA;812;ESCOLA MUNICIPAL SOCIEDADE FRATERNAL;415
PIRAJA;813;ESCOLA MUNICIPAL ANTONIO MARTINS DAMASCENO;177
PIRAJA;817;ESCOLA MUNICIPAL DOIS DE JUNHO;180
PIRAJA;818;ESCOLA MUNICIPAL JOAO FERREIRA;200
PIRAJA;820;ESCOLA MUNICIPAL JAIME VIEIRA LIMA;131
PIRAJA;822;ESCOLA MUNICIPAL ESPERANCA DE VIVER;175
PIRAJA;823;ESCOLA MUNICIPAL DE SAO MARCOS;434
PIRAJA;824;ESCOLA MUNICIPAL SYD PORTO BRANDAO;391
PIRAJA;825;ESCOLA MUNICIPAL PROFESSORA HILDA FORTUNA DE CASTRO;139
PIRAJA;827;ESCOLA MUNICIPAL CECILIA MEIRELES;260
PIRAJA;828;ESCOLA MUNICIPAL AFRANIO PEIXOTO;584
PIRAJA;829;ESCOLA MUNICIPAL DE PAU DA LIMA;350
PIRAJA;830;ESCOLA MUNICIPAL DE CASTELO BRANCO;374
PIRAJA;831;ESCOLA MUNICIPAL DR ORLANDO IMBASSAHY;778
PIRAJA;832;CENTRO MUNICIPAL DE EDUCACAO INFANTIL ANIVAL RAZONI FIGUEIREDO;93
PIRAJA;833;CENTRO MUNICIPAL DE EDUCACAO INFANTIL EDUARDO FREITAS;111
PIRAJA;834;CENTRO MUNICIPAL DE EDUCACAO INFANTIL HELCIO TRIGUEIRO;115
PIRAJA;836;CENTRO MUNICIPAL DE EDUCACAO INFANTIL PIRAJA;126
PIRAJA;837;CENTRO MUNICIPAL DE EDUCACAO INFANTIL UNIDOS DE CASTELO BRANCO;167
PIRAJA;838;ESCOLA MUNICIPAL ADILSON DE SOUZA GALLO;306
PIRAJA;840;CRECHE E PRE ESCOLA PRIMEIRO PASSO SAO MARCOS;321
PIRAJA;841;ESCOLA MUNICIPAL PROFESSORA ALITA RIBEIRO DE ARAUJO SOARES;110
SUBURBIO I;903;ESCOLA MUNICIPAL ARMANDO CARNEIRO DA ROCHA;495
SUBURBIO I;905;ESCOLA MUNICIPAL SANTA TEREZINHA;209
SUBURBIO I;906;ESCOLA MUNICIPAL SENADOR ANTONIO CARLOS PEIXOTO DE MAGALHAES;719
SUBURBIO I;911;ESCOLA MUNICIPAL DURVAL PINHEIRO;243
SUBURBIO I;912;CENTRO MUNICIPAL DE EDUCACAO INFANTIL DEPUTADO LOURIVAL EVANGELISTA COSTA;230
SUBURBIO I;913;ESCOLA MUNICIPAL ESTHER FELIX DA SILVA;522
SUBURBIO I;916;ESCOLA MUNICIPAL JOAQUIM MAGALHAES;348
SUBURBIO I;917;ESCOLA MUNICIPAL DE FAZENDA COUTOS;983
SUBURBIO I;927;ESCOLA MUNICIPAL DE ITACARANHA MANOEL FAUSTINO;672
SUBURBIO I;933;ESCOLA MUNICIPAL PAULO MENDES DE AGUIAR;85
SUBURBIO I;934;ESCOLA MUNICIPAL GRACILIANO RAMOS;478
SUBURBIO I;940;ESCOLA MUNICIPAL AGRIPINIANO BARROS;339
SUBURBIO I;941;ESCOLA MUNICIPAL SENHOR DO BONFIM;572
SUBURBIO I;942;ESCOLA MUNICIPAL DARCY RIBEIRO;460
SUBURBIO I;945;ESCOLA MUNICIPAL CORACAO DE JESUS;144
SUBURBIO I;947;ESCOLA MUNICIPAL MARIA CONSTANCIA MORAES DE CARVALHO;294
SUBURBIO I;952;ESCOLA MUNICIPAL ANDRE REBOUCAS;343
SUBURBIO I;956;ESCOLA MUNICIPAL PROFESSOR ANTONIO PITHON PINTO;293
SUBURBIO I;960;ESCOLA MUNICIPAL DR EDUARDO DOTO;223
SUBURBIO I;961;ESCOLA MUNICIPAL PROFESSORA EUFROSINA MIRANDA;890
SUBURBIO I;963;ESCOLA MUNICIPAL MACHADO DE ASSIS;325
SUBURBIO I;964;ESCOLA MUNICIPAL SAO BRAZ;231
SUBURBIO I;965;ESCOLA MUNICIPAL URSULA CATARINO;355
SUBURBIO I;966;ESCOLA MUNICIPAL DEPUTADO CRISTOVAO FERREIRA;252
SUBURBIO I;967;ESCOLA MUNICIPAL SANTO ANTONIO DAS MALVINAS;338
SUBURBIO I;968;ESCOLA MUNICIPAL PROFESSOR ITALO GAUDENZI;599
SUBURBIO I;969;CENTRO MUNICIPAL DE EDUCACAO INFANTIL MARIO ALTENFELDER;864
SUBURBIO I;970;CENTRO MUNICIPAL DE EDUCACAO INFANTIL MUNDO FELIZ;177
SUBURBIO I;971;CENTRO MUNICIPAL DE EDUCACAO INFANTIL EDUCAR E VIVER;201
SUBURBIO I;972;ESCOLA MUNICIPAL PROFESSORA OLGA METTIG;594
SUBURBIO I;973;ESCOLA MUNICIPAL MANOEL HENRIQUE DA SILVA BARRADAS;484
SUBURBIO I;974;CENTRO MUNICIPAL DE EDUCACAO INFANTIL ABDIAS NASCIMENTO;254
SUBURBIO I;975;CENTRO MUNICIPAL DE EDUCACAO INFANTIL PAULO BISPO BRAZ;220
SUBURBIO I;976;ESCOLA MUNICIPAL IVONE VIEIRA LIMA;642
SUBURBIO I;977;CRECHE E PRE ESCOLA PRIMEIRO PASSO ILHA AMARELA;206
CAJAZEIRAS;1001;ESCOLA MUNICIPAL DE NOVO MAROTINHO;577
CAJAZEIRAS;1002;ESCOLA MUNICIPAL DE CANABRAVA;250
CAJAZEIRAS;1003;ESCOLA MUNICIPAL COMUNITARIA DE CANABRAVA;516
CAJAZEIRAS;1004;ESCOLA MUNICIPAL ARTE E ALEGRIA;242
CAJAZEIRAS;1005;ESCOLA MUNICIPAL CECY ANDRADE;302
CAJAZEIRAS;1006;ESCOLA MUNICIPAL DA PALESTINA;799
CAJAZEIRAS;1007;ESCOLA MUNICIPAL DE CAJAZEIRAS XI;340
CAJAZEIRAS;1008;ESCOLA MUNICIPAL FRANCISCO LEITE;552
CAJAZEIRAS;1009;ESCOLA MUNICIPAL MARIA ROSA FREIRE;260
CAJAZEIRAS;1010;ESCOLA MUNICIPAL FAZENDA GRANDE II MINISTRO CARLOS SANTANA;651
CAJAZEIRAS;1011;ESCOLA MUNICIPAL OSCAR DA PENHA;312
CAJAZEIRAS;1012;ESCOLA MUNICIPAL MARIA ANTONIETA ALFARANO;289
CAJAZEIRAS;1013;CENTRO MUNICIPAL DE EDUCACAO INFANTIL CSU JOAO PAULO I;314
CAJAZEIRAS;1014;ESCOLA MUNICIPAL RECANTO DO SOL;131
CAJAZEIRAS;1015;ESCOLA MUNICIPAL BEATRIZ FARIAS;188
CAJAZEIRAS;1017;ESCOLA MUNICIPAL IRMA DULCE;288
CAJAZEIRAS;1018;ESCOLA MUNICIPAL SAO FRANCISCO XAVIER;105
CAJAZEIRAS;1019;ESCOLA MUNICIPAL IRACI FRAGA;342
CAJAZEIRAS;1020;ESCOLA MUNICIPAL JANDIRA DANTAS COSTA;185
CAJAZEIRAS;1021;ESCOLA MUNICIPAL PROFESSOR MILTON SANTOS;432
CAJAZEIRAS;1023;ESCOLA MUNICIPAL SAO DAMIAO;129
CAJAZEIRAS;1024;ESCOLA MUNICIPAL PROFESSORA ELISA SALDANHA;408
CAJAZEIRAS;1026;ESCOLA MUNICIPAL ADAUTO PEREIRA DE SOUZA;298
CAJAZEIRAS;1027;ESCOLA MUNICIPAL IRMA ELISA MARIA;375
CAJAZEIRAS;1028;ESCOLA MUNICIPAL EDUARDO CAMPOS;533
CAJAZEIRAS;1029;ESCOLA MUNICIPAL CRISTO REI;451
CAJAZEIRAS;1030;ESCOLA MUNICIPAL ULYSSES GUIMARAES;675
CAJAZEIRAS;1031;ESCOLA MUNICIPAL PROFESSOR AFONSO TEMPORAL;412
CAJAZEIRAS;1032;ESCOLA MUNICIPAL PROFESSOR RICARDO PEREIRA;583
CAJAZEIRAS;1033;ESCOLA MUNICIPAL NOSSA SENHORA APARECIDA;311
CAJAZEIRAS;1034;ESCOLA MUNICIPAL BATISTA DE VALERIA;102
CAJAZEIRAS;1035;ESCOLA MUNICIPAL PROFESSOR MANOEL DE ALMEIDA CRUZ;468
CAJAZEIRAS;1036;ESCOLA MUNICIPAL SAO FRANCISCO DE ASSIS;797
CAJAZEIRAS;1037;ESCOLA MUNICIPAL PROFª IRENE DA SILVA COSTA SANTOS;285
CAJAZEIRAS;1038;ESCOLA MUNICIPAL PROFESSORA SONIA CAVALCANTI;294
CAJAZEIRAS;1039;CENTRO MUNICIPAL DE EDUCACAO INFANTIL CANTINHO DAS CRIANCAS;216
CAJAZEIRAS;1040;CENTRO MUNICIPAL DE EDUCACAO INFANTIL EDIVALDO MACHADO BOAVENTURA;95
CAJAZEIRAS;1041;CENTRO MUNICIPAL DE EDUCACAO INFANTIL RAFAEL DE OLIVEIRA;131
CAJAZEIRAS;1042;CENTRO MUNICIPAL DE EDUCACAO INFANTIL WALDECK ORNELAS;185
CAJAZEIRAS;1044;ESCOLA MUNICIPAL PROFESSOR CLAUDIO VEIGA;610
CAJAZEIRAS;1045;ESCOLA MUNICIPAL ELYSIO ATHAYDE;597
CAJAZEIRAS;1046;ESCOLA MUNICIPAL 2 DE JULHO;694
CAJAZEIRAS;1048;CRECHE E PRE ESCOLA PRIMEIRO PASSO CAJAZEIRAS VIII;371
CAJAZEIRAS;1049;CRECHE E PRE ESCOLA PRIMEIRO PASSO CAJAZEIRAS X;336
CAJAZEIRAS;1050;CRECHE E PRE ESCOLA PRIMEIRO PASSO NOVA BRASILIA;280
CAJAZEIRAS;1051;CRECHE E PRE ESCOLA PRIMEIRO PASSO FAZENDA GRANDE III;268
CAJAZEIRAS;1052;CRECHE E PRE ESCOLA PRIMEIRO PASSO CANABRAVA;214
SUBURBIO II;1101;ESCOLA MUNICIPAL ALMIRANTE ERNESTO DE MOURAO SA;419
SUBURBIO II;1102;ESCOLA MUNICIPAL ALVARO VASCONCELOS DA ROCHA;132
SUBURBIO II;1103;ESCOLA MUNICIPAL COLINA DO MAR;119
SUBURBIO II;1104;ESCOLA MUNICIPAL CID PASSOS;185
SUBURBIO II;1105;ESCOLA MUNICIPAL DE SANTANA;51
SUBURBIO II;1106;ESCOLA MUNICIPAL DE BANANEIRA;100
SUBURBIO II;1107;ESCOLA MUNICIPAL DR ANTONIO CARLOS MAGALHAES;146
SUBURBIO II;1108;ESCOLA MUNICIPAL MARCILIO DIAS;55
SUBURBIO II;1110;ESCOLA MUNICIPAL DR OTAVIANO PIMENTA;446
SUBURBIO II;1112;ESCOLA MUNICIPAL DE BOTELHO;63
SUBURBIO II;1113;ESCOLA MUNICIPAL OITO DE MAIO;179
SUBURBIO II;1114;ESCOLA MUNICIPAL FRANCISCA DE SANDE;559
SUBURBIO II;1115;ESCOLA MUNICIPAL CLAUDEMIRA SANTOS LIMA;84
SUBURBIO II;1116;ESCOLA MUNICIPAL D EUGENIO DE ARAUJO SALES;194
SUBURBIO II;1117;ESCOLA MUNICIPAL ANFILOFIO DE CARVALHO;283
SUBURBIO II;1118;ESCOLA MUNICIPAL DE PARIPE;1381
SUBURBIO II;1119;ESCOLA MUNICIPAL NOSSA SENHORA DA CONCEICAO;232
SUBURBIO II;1121;ESCOLA MUNICIPAL DE ILHA DE MARE;477
SUBURBIO II;1123;ESCOLA MUNICIPAL PRESIDENTE MEDICI;429
SUBURBIO II;1124;ESCOLA MUNICIPAL VISCONDE DE CAIRU;202
SUBURBIO II;1125;ESCOLA MUNICIPAL DE PERIPERI;1193
SUBURBIO II;1126;ESCOLA MUNICIPAL MIRANTES DE PERIPERI;358
SUBURBIO II;1127;ESCOLA MUNICIPAL ALTO DE COUTOS;245
SUBURBIO II;1128;ESCOLA MUNICIPAL SAO DOMINGOS;284
SUBURBIO II;1129;ESCOLA MUNICIPAL RUI BARBOSA;181
SUBURBIO II;1130;ESCOLA MUNICIPAL D PEDRO I;336
SUBURBIO II;1131;ESCOLA MUNICIPAL FERNANDO PRESIDIO;376
SUBURBIO II;1132;ESCOLA MUNICIPAL NOSSA SENHORA DE FATIMA;32
SUBURBIO II;1135;CENTRO MUNICIPAL DE EDUCACAO INFANTIL ALVARO BAHIA;76
SUBURBIO II;1136;CENTRO MUNICIPAL DE EDUCACAO INFANTIL HELIO VIANNA;169
SUBURBIO II;1137;ESCOLA MUNICIPAL PROFESSOR WILLIAM MARQUES DE ARAUJO GOES;368
SUBURBIO II;1138;CRECHE E PRE ESCOLA PRIMEIRO PASSO TUBARAO;281
SUBURBIO II;1139;CRECHE E PRE ESCOLA PRIMEIRO PASSO PERIPERI;176
SUBURBIO II;1141;ESCOLA MUNICIPAL DE BOM JESUS;161
SUBURBIO II;1142;ESCOLA MUNICIPAL GUERREIRA ZEFERINA;215
SUBURBIO II;1143;ESCOLA MUNICIPAL ILHA DOS FRADES;83
SUBURBIO II;1144;ESCOLA MUNICIPAL BERNADINA LIMA LISBOA;65
